k_y_rad_per_um,frequency_hz,full_relative_residual,finite_dirichlet_n0_hz,relative_difference_n0_percent,open_air_1d_basis16_hz,relative_difference_open_1d_percent,duration_seconds,selection_scope,job_id,fgmres_restart
-25,13557588587.50073,1.7841274841079326e-11,13673868177.295187,-0.8503781686847955,13641746353.677149,-0.6169134361139417,79.45468831062317,frequency_window,8df582e52a54410bae0387d2eaecd6a9,8
-20,12815316990.65192,1.7693119576568617e-11,12898112904.35424,-0.641922693003949,12875388368.071287,-0.4665597316530934,72.33537006378174,frequency_window,8df582e52a54410bae0387d2eaecd6a9,8
-15,12035727329.14504,3.557115216133917e-12,12089703094.456797,-0.4464606358819845,12075445880.476671,-0.3289199564535106,116.04683637619019,frequency_window,8df582e52a54410bae0387d2eaecd6a9,8
-10,11205285254.416574,9.017075039220922e-12,11235414178.890272,-0.2681603365393137,11228265980.388088,-0.20466852149435555,75.21849918365479,frequency_window,8df582e52a54410bae0387d2eaecd6a9,8
-7,10675478005.18386,1.2221624653462496e-11,10693658153.918102,-0.170008695551771,10689867024.399137,-0.134604286306228,69.20282340049744,frequency_window,8df582e52a54410bae0387d2eaecd6a9,8
-5,10306327542.804127,1.8323421003664864e-11,10317375926.461136,-0.10708520980293734,10315329787.73499,-0.08727054894130948,68.46876645088196,frequency_window,8df582e52a54410bae0387d2eaecd6a9,8
-2,9723285910.877018,3.923952726334239e-13,9725403044.253735,-0.021769106813185335,9725365858.820045,-0.021386834934766785,69.16208839416504,frequency_window,8df582e52a54410bae0387d2eaecd6a9,8
0,9299249697.067492,3.28252982656441e-11,9299249697.068401,-9.781064846947629e-12,9309813711.433355,-0.11347181257654881,43.00422954559326,selected_only,d2a6c2dd0c3c4a66a1e05fce10bb32c7,native_default
2,9723285911.824883,6.693601427010854e-13,9725403044.253735,-0.021769097066914878,9725365858.816298,-0.021386825149916078,75.36459994316101,frequency_window,8df582e52a54410bae0387d2eaecd6a9,8
5,10306327554.418364,1.5182406282855408e-11,10317375926.461136,-0.10708509723326154,10315329787.733505,-0.0872704363349297,69.06770586967468,frequency_window,8df582e52a54410bae0387d2eaecd6a9,8
7,10675478032.781902,1.9558604693310817e-11,10693658153.918102,-0.17000843747317917,10689867024.400606,-0.13460402814983174,67.81721329689026,frequency_window,8df582e52a54410bae0387d2eaecd6a9,8
10,11205285324.366156,1.568186666958425e-11,11235414178.890272,-0.2681597139580716,11228265980.3891,-0.20466789852574552,69.12803411483765,frequency_window,8df582e52a54410bae0387d2eaecd6a9,8
15,12035727542.672157,4.717437333205114e-12,12089703094.456797,-0.44645886969206794,12075445880.4828,-0.3289181882288772,66.40695405006409,frequency_window,8df582e52a54410bae0387d2eaecd6a9,30
20,12815317482.662918,1.732955103677329e-11,12898112904.35424,-0.6419188784071772,12875388368.072458,-0.46655591033276655,66.04499888420105,frequency_window,8df582e52a54410bae0387d2eaecd6a9,8
25,13557589546.006004,1.6512578958925935e-11,13673868177.295187,-0.8503711589253005,13641746353.677834,-0.6169064098537569,85.81753993034363,frequency_window,8df582e52a54410bae0387d2eaecd6a9,8
