jpath,kx_rad_per_um,ky_rad_per_um,frequency_order,frequency_GHz
0,0.000000000,0.000000000,1,9.413600
0,0.000000000,0.000000000,2,10.184000
0,0.000000000,0.000000000,3,11.693000
0,0.000000000,0.000000000,4,13.195000
0,0.000000000,0.000000000,5,13.259000
0,0.000000000,0.000000000,6,13.642000
0,0.000000000,0.000000000,7,14.025000
0,0.000000000,0.000000000,8,14.114000
0,0.000000000,0.000000000,9,14.198000
0,0.000000000,0.000000000,10,14.541000
0,0.000000000,0.000000000,11,15.160000
0,0.000000000,0.000000000,12,15.916000
0,0.000000000,0.000000000,13,16.099000
0,0.000000000,0.000000000,14,17.018000
0,0.000000000,0.000000000,15,17.789000
0,0.000000000,0.000000000,16,18.206000
0,0.000000000,0.000000000,17,18.273000
0,0.000000000,0.000000000,18,18.566000
0,0.000000000,0.000000000,19,18.633000
0,0.000000000,0.000000000,20,18.757000
0,0.000000000,0.000000000,21,19.125000
0,0.000000000,0.000000000,22,19.406000
0,0.000000000,0.000000000,23,19.574000
0,0.000000000,0.000000000,24,19.810000
1,0.785398163,0.000000000,1,9.408400
1,0.785398163,0.000000000,2,10.184000
1,0.785398163,0.000000000,3,11.694000
1,0.785398163,0.000000000,4,13.172000
1,0.785398163,0.000000000,5,13.280000
1,0.785398163,0.000000000,6,13.643000
1,0.785398163,0.000000000,7,14.022000
1,0.785398163,0.000000000,8,14.113000
1,0.785398163,0.000000000,9,14.202000
1,0.785398163,0.000000000,10,14.541000
1,0.785398163,0.000000000,11,15.161000
1,0.785398163,0.000000000,12,15.906000
1,0.785398163,0.000000000,13,16.111000
1,0.785398163,0.000000000,14,17.015000
1,0.785398163,0.000000000,15,17.786000
1,0.785398163,0.000000000,16,18.203000
1,0.785398163,0.000000000,17,18.271000
1,0.785398163,0.000000000,18,18.551000
1,0.785398163,0.000000000,19,18.633000
1,0.785398163,0.000000000,20,18.780000
1,0.785398163,0.000000000,21,19.128000
1,0.785398163,0.000000000,22,19.374000
1,0.785398163,0.000000000,23,19.606000
1,0.785398163,0.000000000,24,19.813000
2,1.570796327,0.000000000,1,9.397800
2,1.570796327,0.000000000,2,10.185000
2,1.570796327,0.000000000,3,11.695000
2,1.570796327,0.000000000,4,13.131000
2,1.570796327,0.000000000,5,13.314000
2,1.570796327,0.000000000,6,13.644000
2,1.570796327,0.000000000,7,14.015000
2,1.570796327,0.000000000,8,14.111000
2,1.570796327,0.000000000,9,14.214000
2,1.570796327,0.000000000,10,14.540000
2,1.570796327,0.000000000,11,15.164000
2,1.570796327,0.000000000,12,15.879000
2,1.570796327,0.000000000,13,16.144000
2,1.570796327,0.000000000,14,17.006000
2,1.570796327,0.000000000,15,17.778000
2,1.570796327,0.000000000,16,18.196000
2,1.570796327,0.000000000,17,18.266000
2,1.570796327,0.000000000,18,18.519000
2,1.570796327,0.000000000,19,18.632000
2,1.570796327,0.000000000,20,18.832000
2,1.570796327,0.000000000,21,19.135000
2,1.570796327,0.000000000,22,19.310000
2,1.570796327,0.000000000,23,19.668000
2,1.570796327,0.000000000,24,19.824000
3,2.356194490,0.000000000,1,9.386400
3,2.356194490,0.000000000,2,10.186000
3,2.356194490,0.000000000,3,11.699000
3,2.356194490,0.000000000,4,13.084000
3,2.356194490,0.000000000,5,13.349000
3,2.356194490,0.000000000,6,13.647000
3,2.356194490,0.000000000,7,14.006000
3,2.356194490,0.000000000,8,14.108000
3,2.356194490,0.000000000,9,14.233000
3,2.356194490,0.000000000,10,14.539000
3,2.356194490,0.000000000,11,15.169000
3,2.356194490,0.000000000,12,15.847000
3,2.356194490,0.000000000,13,16.187000
3,2.356194490,0.000000000,14,16.990000
3,2.356194490,0.000000000,15,17.765000
3,2.356194490,0.000000000,16,18.183000
3,2.356194490,0.000000000,17,18.257000
3,2.356194490,0.000000000,18,18.487000
3,2.356194490,0.000000000,19,18.632000
3,2.356194490,0.000000000,20,18.894000
3,2.356194490,0.000000000,21,19.151000
3,2.356194490,0.000000000,22,19.242000
3,2.356194490,0.000000000,23,19.721000
3,2.356194490,0.000000000,24,19.856000
4,3.141592654,0.000000000,1,9.375200
4,3.141592654,0.000000000,2,10.187000
4,3.141592654,0.000000000,3,11.706000
4,3.141592654,0.000000000,4,13.035000
4,3.141592654,0.000000000,5,13.383000
4,3.141592654,0.000000000,6,13.652000
4,3.141592654,0.000000000,7,13.994000
4,3.141592654,0.000000000,8,14.104000
4,3.141592654,0.000000000,9,14.256000
4,3.141592654,0.000000000,10,14.537000
4,3.141592654,0.000000000,11,15.177000
4,3.141592654,0.000000000,12,15.812000
4,3.141592654,0.000000000,13,16.236000
4,3.141592654,0.000000000,14,16.968000
4,3.141592654,0.000000000,15,17.749000
4,3.141592654,0.000000000,16,18.165000
4,3.141592654,0.000000000,17,18.244000
4,3.141592654,0.000000000,18,18.461000
4,3.141592654,0.000000000,19,18.631000
4,3.141592654,0.000000000,20,18.954000
4,3.141592654,0.000000000,21,19.175000
4,3.141592654,0.000000000,22,19.180000
4,3.141592654,0.000000000,23,19.749000
4,3.141592654,0.000000000,24,19.918000
5,3.926990817,0.000000000,1,9.364400
5,3.926990817,0.000000000,2,10.188000
5,3.926990817,0.000000000,3,11.715000
5,3.926990817,0.000000000,4,12.984000
5,3.926990817,0.000000000,5,13.414000
5,3.926990817,0.000000000,6,13.657000
5,3.926990817,0.000000000,7,13.981000
5,3.926990817,0.000000000,8,14.099000
5,3.926990817,0.000000000,9,14.283000
5,3.926990817,0.000000000,10,14.535000
5,3.926990817,0.000000000,11,15.186000
5,3.926990817,0.000000000,12,15.778000
5,3.926990817,0.000000000,13,16.289000
5,3.926990817,0.000000000,14,16.939000
5,3.926990817,0.000000000,15,17.731000
5,3.926990817,0.000000000,16,18.141000
5,3.926990817,0.000000000,17,18.229000
5,3.926990817,0.000000000,18,18.442000
5,3.926990817,0.000000000,19,18.629000
5,3.926990817,0.000000000,20,19.002000
5,3.926990817,0.000000000,21,19.113000
5,3.926990817,0.000000000,22,19.228000
5,3.926990817,0.000000000,23,19.760000
5,3.926990817,0.000000000,24,19.915000
6,4.712388980,0.000000000,1,9.353900
6,4.712388980,0.000000000,2,10.189000
6,4.712388980,0.000000000,3,11.727000
6,4.712388980,0.000000000,4,12.933000
6,4.712388980,0.000000000,5,13.443000
6,4.712388980,0.000000000,6,13.664000
6,4.712388980,0.000000000,7,13.968000
6,4.712388980,0.000000000,8,14.092000
6,4.712388980,0.000000000,9,14.312000
6,4.712388980,0.000000000,10,14.533000
6,4.712388980,0.000000000,11,15.198000
6,4.712388980,0.000000000,12,15.745000
6,4.712388980,0.000000000,13,16.344000
6,4.712388980,0.000000000,14,16.903000
6,4.712388980,0.000000000,15,17.713000
6,4.712388980,0.000000000,16,18.111000
6,4.712388980,0.000000000,17,18.212000
6,4.712388980,0.000000000,18,18.428000
6,4.712388980,0.000000000,19,18.628000
6,4.712388980,0.000000000,20,19.035000
6,4.712388980,0.000000000,21,19.056000
6,4.712388980,0.000000000,22,19.297000
6,4.712388980,0.000000000,23,19.765000
6,4.712388980,0.000000000,24,19.874000
7,5.497787144,0.000000000,1,9.343900
7,5.497787144,0.000000000,2,10.191000
7,5.497787144,0.000000000,3,11.742000
7,5.497787144,0.000000000,4,12.880000
7,5.497787144,0.000000000,5,13.470000
7,5.497787144,0.000000000,6,13.671000
7,5.497787144,0.000000000,7,13.954000
7,5.497787144,0.000000000,8,14.084000
7,5.497787144,0.000000000,9,14.342000
7,5.497787144,0.000000000,10,14.531000
7,5.497787144,0.000000000,11,15.214000
7,5.497787144,0.000000000,12,15.713000
7,5.497787144,0.000000000,13,16.402000
7,5.497787144,0.000000000,14,16.860000
7,5.497787144,0.000000000,15,17.696000
7,5.497787144,0.000000000,16,18.075000
7,5.497787144,0.000000000,17,18.195000
7,5.497787144,0.000000000,18,18.420000
7,5.497787144,0.000000000,19,18.626000
7,5.497787144,0.000000000,20,19.005000
7,5.497787144,0.000000000,21,19.057000
7,5.497787144,0.000000000,22,19.380000
7,5.497787144,0.000000000,23,19.767000
7,5.497787144,0.000000000,24,19.837000
8,6.283185307,0.000000000,1,9.334400
8,6.283185307,0.000000000,2,10.192000
8,6.283185307,0.000000000,3,11.759000
8,6.283185307,0.000000000,4,12.828000
8,6.283185307,0.000000000,5,13.495000
8,6.283185307,0.000000000,6,13.680000
8,6.283185307,0.000000000,7,13.940000
8,6.283185307,0.000000000,8,14.074000
8,6.283185307,0.000000000,9,14.373000
8,6.283185307,0.000000000,10,14.528000
8,6.283185307,0.000000000,11,15.232000
8,6.283185307,0.000000000,12,15.683000
8,6.283185307,0.000000000,13,16.463000
8,6.283185307,0.000000000,14,16.812000
8,6.283185307,0.000000000,15,17.681000
8,6.283185307,0.000000000,16,18.032000
8,6.283185307,0.000000000,17,18.177000
8,6.283185307,0.000000000,18,18.414000
8,6.283185307,0.000000000,19,18.624000
8,6.283185307,0.000000000,20,18.960000
8,6.283185307,0.000000000,21,19.072000
8,6.283185307,0.000000000,22,19.469000
8,6.283185307,0.000000000,23,19.768000
8,6.283185307,0.000000000,24,19.807000
9,7.068583471,0.000000000,1,9.325500
9,7.068583471,0.000000000,2,10.193000
9,7.068583471,0.000000000,3,11.778000
9,7.068583471,0.000000000,4,12.775000
9,7.068583471,0.000000000,5,13.518000
9,7.068583471,0.000000000,6,13.690000
9,7.068583471,0.000000000,7,13.926000
9,7.068583471,0.000000000,8,14.064000
9,7.068583471,0.000000000,9,14.404000
9,7.068583471,0.000000000,10,14.526000
9,7.068583471,0.000000000,11,15.254000
9,7.068583471,0.000000000,12,15.656000
9,7.068583471,0.000000000,13,16.525000
9,7.068583471,0.000000000,14,16.757000
9,7.068583471,0.000000000,15,17.669000
9,7.068583471,0.000000000,16,17.984000
9,7.068583471,0.000000000,17,18.161000
9,7.068583471,0.000000000,18,18.411000
9,7.068583471,0.000000000,19,18.621000
9,7.068583471,0.000000000,20,18.921000
9,7.068583471,0.000000000,21,19.085000
9,7.068583471,0.000000000,22,19.552000
9,7.068583471,0.000000000,23,19.768000
9,7.068583471,0.000000000,24,19.790000
10,7.853981634,0.000000000,1,9.317200
10,7.853981634,0.000000000,2,10.194000
10,7.853981634,0.000000000,3,11.799000
10,7.853981634,0.000000000,4,12.723000
10,7.853981634,0.000000000,5,13.540000
10,7.853981634,0.000000000,6,13.700000
10,7.853981634,0.000000000,7,13.912000
10,7.853981634,0.000000000,8,14.052000
10,7.853981634,0.000000000,9,14.433000
10,7.853981634,0.000000000,10,14.524000
10,7.853981634,0.000000000,11,15.279000
10,7.853981634,0.000000000,12,15.630000
10,7.853981634,0.000000000,13,16.588000
10,7.853981634,0.000000000,14,16.699000
10,7.853981634,0.000000000,15,17.660000
10,7.853981634,0.000000000,16,17.930000
10,7.853981634,0.000000000,17,18.145000
10,7.853981634,0.000000000,18,18.409000
10,7.853981634,0.000000000,19,18.619000
10,7.853981634,0.000000000,20,18.889000
10,7.853981634,0.000000000,21,19.096000
10,7.853981634,0.000000000,22,19.606000
10,7.853981634,0.000000000,23,19.768000
10,7.853981634,0.000000000,24,19.809000
11,8.639379797,0.000000000,1,9.309500
11,8.639379797,0.000000000,2,10.194000
11,8.639379797,0.000000000,3,11.822000
11,8.639379797,0.000000000,4,12.672000
11,8.639379797,0.000000000,5,13.560000
11,8.639379797,0.000000000,6,13.712000
11,8.639379797,0.000000000,7,13.897000
11,8.639379797,0.000000000,8,14.039000
11,8.639379797,0.000000000,9,14.461000
11,8.639379797,0.000000000,10,14.522000
11,8.639379797,0.000000000,11,15.307000
11,8.639379797,0.000000000,12,15.607000
11,8.639379797,0.000000000,13,16.637000
11,8.639379797,0.000000000,14,16.654000
11,8.639379797,0.000000000,15,17.653000
11,8.639379797,0.000000000,16,17.872000
11,8.639379797,0.000000000,17,18.130000
11,8.639379797,0.000000000,18,18.409000
11,8.639379797,0.000000000,19,18.616000
11,8.639379797,0.000000000,20,18.862000
11,8.639379797,0.000000000,21,19.106000
11,8.639379797,0.000000000,22,19.615000
11,8.639379797,0.000000000,23,19.767000
11,8.639379797,0.000000000,24,19.879000
12,9.424777961,0.000000000,1,9.302600
12,9.424777961,0.000000000,2,10.195000
12,9.424777961,0.000000000,3,11.847000
12,9.424777961,0.000000000,4,12.621000
12,9.424777961,0.000000000,5,13.579000
12,9.424777961,0.000000000,6,13.724000
12,9.424777961,0.000000000,7,13.883000
12,9.424777961,0.000000000,8,14.025000
12,9.424777961,0.000000000,9,14.486000
12,9.424777961,0.000000000,10,14.520000
12,9.424777961,0.000000000,11,15.339000
12,9.424777961,0.000000000,12,15.586000
12,9.424777961,0.000000000,13,16.573000
12,9.424777961,0.000000000,14,16.720000
12,9.424777961,0.000000000,15,17.648000
12,9.424777961,0.000000000,16,17.809000
12,9.424777961,0.000000000,17,18.115000
12,9.424777961,0.000000000,18,18.409000
12,9.424777961,0.000000000,19,18.613000
12,9.424777961,0.000000000,20,18.840000
12,9.424777961,0.000000000,21,19.116000
12,9.424777961,0.000000000,22,19.600000
12,9.424777961,0.000000000,23,19.766000
12,9.424777961,0.000000000,24,19.978000
13,10.210176124,0.000000000,1,9.296300
13,10.210176124,0.000000000,2,10.195000
13,10.210176124,0.000000000,3,11.873000
13,10.210176124,0.000000000,4,12.572000
13,10.210176124,0.000000000,5,13.597000
13,10.210176124,0.000000000,6,13.737000
13,10.210176124,0.000000000,7,13.868000
13,10.210176124,0.000000000,8,14.011000
13,10.210176124,0.000000000,9,14.509000
13,10.210176124,0.000000000,10,14.518000
13,10.210176124,0.000000000,11,15.374000
13,10.210176124,0.000000000,12,15.567000
13,10.210176124,0.000000000,13,16.509000
13,10.210176124,0.000000000,14,16.788000
13,10.210176124,0.000000000,15,17.646000
13,10.210176124,0.000000000,16,17.742000
13,10.210176124,0.000000000,17,18.102000
13,10.210176124,0.000000000,18,18.409000
13,10.210176124,0.000000000,19,18.610000
13,10.210176124,0.000000000,20,18.822000
13,10.210176124,0.000000000,21,19.126000
13,10.210176124,0.000000000,22,19.578000
13,10.210176124,0.000000000,23,19.765000
13,10.210176124,0.000000000,24,20.088000
14,10.995574288,0.000000000,1,9.290800
14,10.995574288,0.000000000,2,10.196000
14,10.995574288,0.000000000,3,11.900000
14,10.995574288,0.000000000,4,12.525000
14,10.995574288,0.000000000,5,13.613000
14,10.995574288,0.000000000,6,13.751000
14,10.995574288,0.000000000,7,13.853000
14,10.995574288,0.000000000,8,13.995000
14,10.995574288,0.000000000,9,14.516000
14,10.995574288,0.000000000,10,14.528000
14,10.995574288,0.000000000,11,15.411000
14,10.995574288,0.000000000,12,15.551000
14,10.995574288,0.000000000,13,16.446000
14,10.995574288,0.000000000,14,16.857000
14,10.995574288,0.000000000,15,17.645000
14,10.995574288,0.000000000,16,17.673000
14,10.995574288,0.000000000,17,18.090000
14,10.995574288,0.000000000,18,18.409000
14,10.995574288,0.000000000,19,18.607000
14,10.995574288,0.000000000,20,18.808000
14,10.995574288,0.000000000,21,19.134000
14,10.995574288,0.000000000,22,19.556000
14,10.995574288,0.000000000,23,19.764000
14,10.995574288,0.000000000,24,20.203000
15,11.780972451,0.000000000,1,9.286000
15,11.780972451,0.000000000,2,10.196000
15,11.780972451,0.000000000,3,11.927000
15,11.780972451,0.000000000,4,12.481000
15,11.780972451,0.000000000,5,13.629000
15,11.780972451,0.000000000,6,13.764000
15,11.780972451,0.000000000,7,13.839000
15,11.780972451,0.000000000,8,13.979000
15,11.780972451,0.000000000,9,14.515000
15,11.780972451,0.000000000,10,14.545000
15,11.780972451,0.000000000,11,15.448000
15,11.780972451,0.000000000,12,15.538000
15,11.780972451,0.000000000,13,16.385000
15,11.780972451,0.000000000,14,16.927000
15,11.780972451,0.000000000,15,17.602000
15,11.780972451,0.000000000,16,17.645000
15,11.780972451,0.000000000,17,18.080000
15,11.780972451,0.000000000,18,18.410000
15,11.780972451,0.000000000,19,18.605000
15,11.780972451,0.000000000,20,18.798000
15,11.780972451,0.000000000,21,19.142000
15,11.780972451,0.000000000,22,19.536000
15,11.780972451,0.000000000,23,19.763000
15,11.780972451,0.000000000,24,20.321000
16,12.566370614,0.000000000,1,9.282000
16,12.566370614,0.000000000,2,10.196000
16,12.566370614,0.000000000,3,11.954000
16,12.566370614,0.000000000,4,12.441000
16,12.566370614,0.000000000,5,13.643000
16,12.566370614,0.000000000,6,13.778000
16,12.566370614,0.000000000,7,13.825000
16,12.566370614,0.000000000,8,13.964000
16,12.566370614,0.000000000,9,14.514000
16,12.566370614,0.000000000,10,14.558000
16,12.566370614,0.000000000,11,15.485000
16,12.566370614,0.000000000,12,15.527000
16,12.566370614,0.000000000,13,16.329000
16,12.566370614,0.000000000,14,16.998000
16,12.566370614,0.000000000,15,17.530000
16,12.566370614,0.000000000,16,17.646000
16,12.566370614,0.000000000,17,18.070000
16,12.566370614,0.000000000,18,18.410000
16,12.566370614,0.000000000,19,18.602000
16,12.566370614,0.000000000,20,18.790000
16,12.566370614,0.000000000,21,19.149000
16,12.566370614,0.000000000,22,19.518000
16,12.566370614,0.000000000,23,19.762000
16,12.566370614,0.000000000,24,20.439000
17,13.351768778,0.000000000,1,9.278800
17,13.351768778,0.000000000,2,10.196000
17,13.351768778,0.000000000,3,11.977000
17,13.351768778,0.000000000,4,12.406000
17,13.351768778,0.000000000,5,13.656000
17,13.351768778,0.000000000,6,13.790000
17,13.351768778,0.000000000,7,13.812000
17,13.351768778,0.000000000,8,13.949000
17,13.351768778,0.000000000,9,14.513000
17,13.351768778,0.000000000,10,14.569000
17,13.351768778,0.000000000,11,15.518000
17,13.351768778,0.000000000,12,15.519000
17,13.351768778,0.000000000,13,16.280000
17,13.351768778,0.000000000,14,17.069000
17,13.351768778,0.000000000,15,17.457000
17,13.351768778,0.000000000,16,17.647000
17,13.351768778,0.000000000,17,18.063000
17,13.351768778,0.000000000,18,18.411000
17,13.351768778,0.000000000,19,18.600000
17,13.351768778,0.000000000,20,18.784000
17,13.351768778,0.000000000,21,19.154000
17,13.351768778,0.000000000,22,19.505000
17,13.351768778,0.000000000,23,19.761000
17,13.351768778,0.000000000,24,20.555000
18,14.137166941,0.000000000,1,9.276300
18,14.137166941,0.000000000,2,10.196000
18,14.137166941,0.000000000,3,11.996000
18,14.137166941,0.000000000,4,12.379000
18,14.137166941,0.000000000,5,13.666000
18,14.137166941,0.000000000,6,13.800000
18,14.137166941,0.000000000,7,13.802000
18,14.137166941,0.000000000,8,13.935000
18,14.137166941,0.000000000,9,14.512000
18,14.137166941,0.000000000,10,14.576000
18,14.137166941,0.000000000,11,15.513000
18,14.137166941,0.000000000,12,15.544000
18,14.137166941,0.000000000,13,16.243000
18,14.137166941,0.000000000,14,17.140000
18,14.137166941,0.000000000,15,17.384000
18,14.137166941,0.000000000,16,17.648000
18,14.137166941,0.000000000,17,18.056000
18,14.137166941,0.000000000,18,18.411000
18,14.137166941,0.000000000,19,18.597000
18,14.137166941,0.000000000,20,18.780000
18,14.137166941,0.000000000,21,19.157000
18,14.137166941,0.000000000,22,19.496000
18,14.137166941,0.000000000,23,19.760000
18,14.137166941,0.000000000,24,20.665000
19,14.922565105,0.000000000,1,9.274600
19,14.922565105,0.000000000,2,10.195000
19,14.922565105,0.000000000,3,12.008000
19,14.922565105,0.000000000,4,12.363000
19,14.922565105,0.000000000,5,13.673000
19,14.922565105,0.000000000,6,13.792000
19,14.922565105,0.000000000,7,13.810000
19,14.922565105,0.000000000,8,13.925000
19,14.922565105,0.000000000,9,14.511000
19,14.922565105,0.000000000,10,14.580000
19,14.922565105,0.000000000,11,15.510000
19,14.922565105,0.000000000,12,15.560000
19,14.922565105,0.000000000,13,16.220000
19,14.922565105,0.000000000,14,17.206000
19,14.922565105,0.000000000,15,17.315000
19,14.922565105,0.000000000,16,17.649000
19,14.922565105,0.000000000,17,18.052000
19,14.922565105,0.000000000,18,18.411000
19,14.922565105,0.000000000,19,18.595000
19,14.922565105,0.000000000,20,18.778000
19,14.922565105,0.000000000,21,19.158000
19,14.922565105,0.000000000,22,19.492000
19,14.922565105,0.000000000,23,19.759000
19,14.922565105,0.000000000,24,20.753000
20,15.707963268,0.000000000,1,9.273700
20,15.707963268,0.000000000,2,10.195000
20,15.707963268,0.000000000,3,12.010000
20,15.707963268,0.000000000,4,12.358000
20,15.707963268,0.000000000,5,13.675000
20,15.707963268,0.000000000,6,13.788000
20,15.707963268,0.000000000,7,13.814000
20,15.707963268,0.000000000,8,13.919000
20,15.707963268,0.000000000,9,14.510000
20,15.707963268,0.000000000,10,14.581000
20,15.707963268,0.000000000,11,15.509000
20,15.707963268,0.000000000,12,15.563000
20,15.707963268,0.000000000,13,16.214000
20,15.707963268,0.000000000,14,17.214000
20,15.707963268,0.000000000,15,17.305000
20,15.707963268,0.000000000,16,17.649000
20,15.707963268,0.000000000,17,18.050000
20,15.707963268,0.000000000,18,18.411000
20,15.707963268,0.000000000,19,18.594000
20,15.707963268,0.000000000,20,18.779000
20,15.707963268,0.000000000,21,19.156000
20,15.707963268,0.000000000,22,19.493000
20,15.707963268,0.000000000,23,19.758000
20,15.707963268,0.000000000,24,20.776000
21,15.707963268,0.785398163,1,9.281600
21,15.707963268,0.785398163,2,10.200000
21,15.707963268,0.785398163,3,12.012000
21,15.707963268,0.785398163,4,12.359000
21,15.707963268,0.785398163,5,13.632000
21,15.707963268,0.785398163,6,13.692000
21,15.707963268,0.785398163,7,13.910000
21,15.707963268,0.785398163,8,13.960000
21,15.707963268,0.785398163,9,14.440000
21,15.707963268,0.785398163,10,14.652000
21,15.707963268,0.785398163,11,15.506000
21,15.707963268,0.785398163,12,15.567000
21,15.707963268,0.785398163,13,16.214000
21,15.707963268,0.785398163,14,17.210000
21,15.707963268,0.785398163,15,17.298000
21,15.707963268,0.785398163,16,17.654000
21,15.707963268,0.785398163,17,18.050000
21,15.707963268,0.785398163,18,18.372000
21,15.707963268,0.785398163,19,18.631000
21,15.707963268,0.785398163,20,18.764000
21,15.707963268,0.785398163,21,19.166000
21,15.707963268,0.785398163,22,19.498000
21,15.707963268,0.785398163,23,19.765000
21,15.707963268,0.785398163,24,20.778000
22,15.707963268,1.570796327,1,9.305300
22,15.707963268,1.570796327,2,10.213000
22,15.707963268,1.570796327,3,12.017000
22,15.707963268,1.570796327,4,12.359000
22,15.707963268,1.570796327,5,13.543000
22,15.707963268,1.570796327,6,13.586000
22,15.707963268,1.570796327,7,14.018000
22,15.707963268,1.570796327,8,14.045000
22,15.707963268,1.570796327,9,14.346000
22,15.707963268,1.570796327,10,14.751000
22,15.707963268,1.570796327,11,15.498000
22,15.707963268,1.570796327,12,15.576000
22,15.707963268,1.570796327,13,16.213000
22,15.707963268,1.570796327,14,17.195000
22,15.707963268,1.570796327,15,17.279000
22,15.707963268,1.570796327,16,17.666000
22,15.707963268,1.570796327,17,18.050000
22,15.707963268,1.570796327,18,18.299000
22,15.707963268,1.570796327,19,18.700000
22,15.707963268,1.570796327,20,18.728000
22,15.707963268,1.570796327,21,19.192000
22,15.707963268,1.570796327,22,19.511000
22,15.707963268,1.570796327,23,19.787000
22,15.707963268,1.570796327,24,20.781000
23,15.707963268,2.356194490,1,9.344100
23,15.707963268,2.356194490,2,10.235000
23,15.707963268,2.356194490,3,12.024000
23,15.707963268,2.356194490,4,12.359000
23,15.707963268,2.356194490,5,13.440000
23,15.707963268,2.356194490,6,13.480000
23,15.707963268,2.356194490,7,14.127000
23,15.707963268,2.356194490,8,14.140000
23,15.707963268,2.356194490,9,14.252000
23,15.707963268,2.356194490,10,14.852000
23,15.707963268,2.356194490,11,15.488000
23,15.707963268,2.356194490,12,15.589000
23,15.707963268,2.356194490,13,16.211000
23,15.707963268,2.356194490,14,17.172000
23,15.707963268,2.356194490,15,17.250000
23,15.707963268,2.356194490,16,17.680000
23,15.707963268,2.356194490,17,18.047000
23,15.707963268,2.356194490,18,18.223000
23,15.707963268,2.356194490,19,18.672000
23,15.707963268,2.356194490,20,18.780000
23,15.707963268,2.356194490,21,19.226000
23,15.707963268,2.356194490,22,19.533000
23,15.707963268,2.356194490,23,19.823000
23,15.707963268,2.356194490,24,20.787000
24,15.707963268,3.141592654,1,9.397400
24,15.707963268,3.141592654,2,10.266000
24,15.707963268,3.141592654,3,12.035000
24,15.707963268,3.141592654,4,12.358000
24,15.707963268,3.141592654,5,13.330000
24,15.707963268,3.141592654,6,13.376000
24,15.707963268,3.141592654,7,14.155000
24,15.707963268,3.141592654,8,14.235000
24,15.707963268,3.141592654,9,14.242000
24,15.707963268,3.141592654,10,14.954000
24,15.707963268,3.141592654,11,15.477000
24,15.707963268,3.141592654,12,15.602000
24,15.707963268,3.141592654,13,16.209000
24,15.707963268,3.141592654,14,17.142000
24,15.707963268,3.141592654,15,17.216000
24,15.707963268,3.141592654,16,17.685000
24,15.707963268,3.141592654,17,18.040000
24,15.707963268,3.141592654,18,18.157000
24,15.707963268,3.141592654,19,18.615000
24,15.707963268,3.141592654,20,18.852000
24,15.707963268,3.141592654,21,19.261000
24,15.707963268,3.141592654,22,19.565000
24,15.707963268,3.141592654,23,19.872000
24,15.707963268,3.141592654,24,20.794000
25,15.707963268,3.926990817,1,9.464200
25,15.707963268,3.926990817,2,10.304000
25,15.707963268,3.926990817,3,12.049000
25,15.707963268,3.926990817,4,12.356000
25,15.707963268,3.926990817,5,13.217000
25,15.707963268,3.926990817,6,13.274000
25,15.707963268,3.926990817,7,14.064000
25,15.707963268,3.926990817,8,14.339000
25,15.707963268,3.926990817,9,14.344000
25,15.707963268,3.926990817,10,15.057000
25,15.707963268,3.926990817,11,15.467000
25,15.707963268,3.926990817,12,15.617000
25,15.707963268,3.926990817,13,16.206000
25,15.707963268,3.926990817,14,17.105000
25,15.707963268,3.926990817,15,17.177000
25,15.707963268,3.926990817,16,17.670000
25,15.707963268,3.926990817,17,18.024000
25,15.707963268,3.926990817,18,18.114000
25,15.707963268,3.926990817,19,18.560000
25,15.707963268,3.926990817,20,18.917000
25,15.707963268,3.926990817,21,19.294000
25,15.707963268,3.926990817,22,19.609000
25,15.707963268,3.926990817,23,19.931000
25,15.707963268,3.926990817,24,20.803000
26,15.707963268,4.712388980,1,9.543400
26,15.707963268,4.712388980,2,10.350000
26,15.707963268,4.712388980,3,12.065000
26,15.707963268,4.712388980,4,12.352000
26,15.707963268,4.712388980,5,13.101000
26,15.707963268,4.712388980,6,13.176000
26,15.707963268,4.712388980,7,13.975000
26,15.707963268,4.712388980,8,14.439000
26,15.707963268,4.712388980,9,14.450000
26,15.707963268,4.712388980,10,15.161000
26,15.707963268,4.712388980,11,15.458000
26,15.707963268,4.712388980,12,15.632000
26,15.707963268,4.712388980,13,16.202000
26,15.707963268,4.712388980,14,17.064000
26,15.707963268,4.712388980,15,17.138000
26,15.707963268,4.712388980,16,17.628000
26,15.707963268,4.712388980,17,17.998000
26,15.707963268,4.712388980,18,18.100000
26,15.707963268,4.712388980,19,18.512000
26,15.707963268,4.712388980,20,18.974000
26,15.707963268,4.712388980,21,19.325000
26,15.707963268,4.712388980,22,19.664000
26,15.707963268,4.712388980,23,20.000000
26,15.707963268,4.712388980,24,20.779000
27,15.707963268,5.497787144,1,9.633600
27,15.707963268,5.497787144,2,10.403000
27,15.707963268,5.497787144,3,12.084000
27,15.707963268,5.497787144,4,12.345000
27,15.707963268,5.497787144,5,12.984000
27,15.707963268,5.497787144,6,13.082000
27,15.707963268,5.497787144,7,13.887000
27,15.707963268,5.497787144,8,14.539000
27,15.707963268,5.497787144,9,14.555000
27,15.707963268,5.497787144,10,15.264000
27,15.707963268,5.497787144,11,15.450000
27,15.707963268,5.497787144,12,15.648000
27,15.707963268,5.497787144,13,16.197000
27,15.707963268,5.497787144,14,17.019000
27,15.707963268,5.497787144,15,17.098000
27,15.707963268,5.497787144,16,17.560000
27,15.707963268,5.497787144,17,17.959000
27,15.707963268,5.497787144,18,18.111000
27,15.707963268,5.497787144,19,18.473000
27,15.707963268,5.497787144,20,19.023000
27,15.707963268,5.497787144,21,19.355000
27,15.707963268,5.497787144,22,19.729000
27,15.707963268,5.497787144,23,20.074000
27,15.707963268,5.497787144,24,20.691000
28,15.707963268,6.283185307,1,9.733700
28,15.707963268,6.283185307,2,10.462000
28,15.707963268,6.283185307,3,12.106000
28,15.707963268,6.283185307,4,12.333000
28,15.707963268,6.283185307,5,12.864000
28,15.707963268,6.283185307,6,12.994000
28,15.707963268,6.283185307,7,13.802000
28,15.707963268,6.283185307,8,14.637000
28,15.707963268,6.283185307,9,14.658000
28,15.707963268,6.283185307,10,15.366000
28,15.707963268,6.283185307,11,15.445000
28,15.707963268,6.283185307,12,15.665000
28,15.707963268,6.283185307,13,16.190000
28,15.707963268,6.283185307,14,16.971000
28,15.707963268,6.283185307,15,17.058000
28,15.707963268,6.283185307,16,17.475000
28,15.707963268,6.283185307,17,17.905000
28,15.707963268,6.283185307,18,18.139000
28,15.707963268,6.283185307,19,18.446000
28,15.707963268,6.283185307,20,19.063000
28,15.707963268,6.283185307,21,19.385000
28,15.707963268,6.283185307,22,19.802000
28,15.707963268,6.283185307,23,20.151000
28,15.707963268,6.283185307,24,20.606000
29,15.707963268,7.068583471,1,9.842100
29,15.707963268,7.068583471,2,10.527000
29,15.707963268,7.068583471,3,12.129000
29,15.707963268,7.068583471,4,12.313000
29,15.707963268,7.068583471,5,12.743000
29,15.707963268,7.068583471,6,12.914000
29,15.707963268,7.068583471,7,13.719000
29,15.707963268,7.068583471,8,14.734000
29,15.707963268,7.068583471,9,14.756000
29,15.707963268,7.068583471,10,15.442000
29,15.707963268,7.068583471,11,15.469000
29,15.707963268,7.068583471,12,15.682000
29,15.707963268,7.068583471,13,16.181000
29,15.707963268,7.068583471,14,16.921000
29,15.707963268,7.068583471,15,17.021000
29,15.707963268,7.068583471,16,17.379000
29,15.707963268,7.068583471,17,17.839000
29,15.707963268,7.068583471,18,18.177000
29,15.707963268,7.068583471,19,18.428000
29,15.707963268,7.068583471,20,19.098000
29,15.707963268,7.068583471,21,19.415000
29,15.707963268,7.068583471,22,19.880000
29,15.707963268,7.068583471,23,20.229000
29,15.707963268,7.068583471,24,20.525000
30,15.707963268,7.853981634,1,9.957600
30,15.707963268,7.853981634,2,10.596000
30,15.707963268,7.853981634,3,12.155000
30,15.707963268,7.853981634,4,12.283000
30,15.707963268,7.853981634,5,12.620000
30,15.707963268,7.853981634,6,12.845000
30,15.707963268,7.853981634,7,13.640000
30,15.707963268,7.853981634,8,14.829000
30,15.707963268,7.853981634,9,14.849000
30,15.707963268,7.853981634,10,15.445000
30,15.707963268,7.853981634,11,15.567000
30,15.707963268,7.853981634,12,15.701000
30,15.707963268,7.853981634,13,16.171000
30,15.707963268,7.853981634,14,16.872000
30,15.707963268,7.853981634,15,16.985000
30,15.707963268,7.853981634,16,17.278000
30,15.707963268,7.853981634,17,17.764000
30,15.707963268,7.853981634,18,18.220000
30,15.707963268,7.853981634,19,18.418000
30,15.707963268,7.853981634,20,19.128000
30,15.707963268,7.853981634,21,19.445000
30,15.707963268,7.853981634,22,19.958000
30,15.707963268,7.853981634,23,20.302000
30,15.707963268,7.853981634,24,20.454000
31,15.707963268,8.639379797,1,10.079000
31,15.707963268,8.639379797,2,10.670000
31,15.707963268,8.639379797,3,12.181000
31,15.707963268,8.639379797,4,12.242000
31,15.707963268,8.639379797,5,12.497000
31,15.707963268,8.639379797,6,12.789000
31,15.707963268,8.639379797,7,13.564000
31,15.707963268,8.639379797,8,14.924000
31,15.707963268,8.639379797,9,14.935000
31,15.707963268,8.639379797,10,15.455000
31,15.707963268,8.639379797,11,15.661000
31,15.707963268,8.639379797,12,15.723000
31,15.707963268,8.639379797,13,16.158000
31,15.707963268,8.639379797,14,16.824000
31,15.707963268,8.639379797,15,16.951000
31,15.707963268,8.639379797,16,17.174000
31,15.707963268,8.639379797,17,17.681000
31,15.707963268,8.639379797,18,18.265000
31,15.707963268,8.639379797,19,18.411000
31,15.707963268,8.639379797,20,19.155000
31,15.707963268,8.639379797,21,19.476000
31,15.707963268,8.639379797,22,20.024000
31,15.707963268,8.639379797,23,20.356000
31,15.707963268,8.639379797,24,20.413000
32,15.707963268,9.424777961,1,10.205000
32,15.707963268,9.424777961,2,10.748000
32,15.707963268,9.424777961,3,12.184000
32,15.707963268,9.424777961,4,12.208000
32,15.707963268,9.424777961,5,12.375000
32,15.707963268,9.424777961,6,12.746000
32,15.707963268,9.424777961,7,13.492000
32,15.707963268,9.424777961,8,15.007000
32,15.707963268,9.424777961,9,15.018000
32,15.707963268,9.424777961,10,15.473000
32,15.707963268,9.424777961,11,15.729000
32,15.707963268,9.424777961,12,15.767000
32,15.707963268,9.424777961,13,16.145000
32,15.707963268,9.424777961,14,16.779000
32,15.707963268,9.424777961,15,16.918000
32,15.707963268,9.424777961,16,17.069000
32,15.707963268,9.424777961,17,17.594000
32,15.707963268,9.424777961,18,18.311000
32,15.707963268,9.424777961,19,18.408000
32,15.707963268,9.424777961,20,19.181000
32,15.707963268,9.424777961,21,19.508000
32,15.707963268,9.424777961,22,20.057000
32,15.707963268,9.424777961,23,20.366000
32,15.707963268,9.424777961,24,20.435000
33,15.707963268,10.210176124,1,10.334000
33,15.707963268,10.210176124,2,10.828000
33,15.707963268,10.210176124,3,12.119000
33,15.707963268,10.210176124,4,12.203000
33,15.707963268,10.210176124,5,12.282000
33,15.707963268,10.210176124,6,12.716000
33,15.707963268,10.210176124,7,13.424000
33,15.707963268,10.210176124,8,15.067000
33,15.707963268,10.210176124,9,15.109000
33,15.707963268,10.210176124,10,15.502000
33,15.707963268,10.210176124,11,15.761000
33,15.707963268,10.210176124,12,15.839000
33,15.707963268,10.210176124,13,16.136000
33,15.707963268,10.210176124,14,16.739000
33,15.707963268,10.210176124,15,16.885000
33,15.707963268,10.210176124,16,16.966000
33,15.707963268,10.210176124,17,17.504000
33,15.707963268,10.210176124,18,18.354000
33,15.707963268,10.210176124,19,18.406000
33,15.707963268,10.210176124,20,19.207000
33,15.707963268,10.210176124,21,19.539000
33,15.707963268,10.210176124,22,20.043000
33,15.707963268,10.210176124,23,20.403000
33,15.707963268,10.210176124,24,20.459000
34,15.707963268,10.995574288,1,10.466000
34,15.707963268,10.995574288,2,10.911000
34,15.707963268,10.995574288,3,12.042000
34,15.707963268,10.995574288,4,12.103000
34,15.707963268,10.995574288,5,12.285000
34,15.707963268,10.995574288,6,12.695000
34,15.707963268,10.995574288,7,13.361000
34,15.707963268,10.995574288,8,15.110000
34,15.707963268,10.995574288,9,15.199000
34,15.707963268,10.995574288,10,15.538000
34,15.707963268,10.995574288,11,15.795000
34,15.707963268,10.995574288,12,15.892000
34,15.707963268,10.995574288,13,16.140000
34,15.707963268,10.995574288,14,16.706000
34,15.707963268,10.995574288,15,16.830000
34,15.707963268,10.995574288,16,16.888000
34,15.707963268,10.995574288,17,17.414000
34,15.707963268,10.995574288,18,18.392000
34,15.707963268,10.995574288,19,18.408000
34,15.707963268,10.995574288,20,19.233000
34,15.707963268,10.995574288,21,19.570000
34,15.707963268,10.995574288,22,19.997000
34,15.707963268,10.995574288,23,20.443000
34,15.707963268,10.995574288,24,20.491000
35,15.707963268,11.780972451,1,10.600000
35,15.707963268,11.780972451,2,10.995000
35,15.707963268,11.780972451,3,11.951000
35,15.707963268,11.780972451,4,11.987000
35,15.707963268,11.780972451,5,12.309000
35,15.707963268,11.780972451,6,12.682000
35,15.707963268,11.780972451,7,13.305000
35,15.707963268,11.780972451,8,15.139000
35,15.707963268,11.780972451,9,15.286000
35,15.707963268,11.780972451,10,15.577000
35,15.707963268,11.780972451,11,15.839000
35,15.707963268,11.780972451,12,15.908000
35,15.707963268,11.780972451,13,16.169000
35,15.707963268,11.780972451,14,16.682000
35,15.707963268,11.780972451,15,16.733000
35,15.707963268,11.780972451,16,16.855000
35,15.707963268,11.780972451,17,17.325000
35,15.707963268,11.780972451,18,18.402000
35,15.707963268,11.780972451,19,18.433000
35,15.707963268,11.780972451,20,19.260000
35,15.707963268,11.780972451,21,19.599000
35,15.707963268,11.780972451,22,19.940000
35,15.707963268,11.780972451,23,20.431000
35,15.707963268,11.780972451,24,20.573000
36,15.707963268,12.566370614,1,10.733000
36,15.707963268,12.566370614,2,11.079000
36,15.707963268,12.566370614,3,11.837000
36,15.707963268,12.566370614,4,11.890000
36,15.707963268,12.566370614,5,12.334000
36,15.707963268,12.566370614,6,12.673000
36,15.707963268,12.566370614,7,13.256000
36,15.707963268,12.566370614,8,15.157000
36,15.707963268,12.566370614,9,15.370000
36,15.707963268,12.566370614,10,15.611000
36,15.707963268,12.566370614,11,15.882000
36,15.707963268,12.566370614,12,15.902000
36,15.707963268,12.566370614,13,16.218000
36,15.707963268,12.566370614,14,16.627000
36,15.707963268,12.566370614,15,16.670000
36,15.707963268,12.566370614,16,16.835000
36,15.707963268,12.566370614,17,17.239000
36,15.707963268,12.566370614,18,18.402000
36,15.707963268,12.566370614,19,18.463000
36,15.707963268,12.566370614,20,19.287000
36,15.707963268,12.566370614,21,19.624000
36,15.707963268,12.566370614,22,19.883000
36,15.707963268,12.566370614,23,20.409000
36,15.707963268,12.566370614,24,20.664000
37,15.707963268,13.351768778,1,10.864000
37,15.707963268,13.351768778,2,11.162000
37,15.707963268,13.351768778,3,11.713000
37,15.707963268,13.351768778,4,11.804000
37,15.707963268,13.351768778,5,12.357000
37,15.707963268,13.351768778,6,12.668000
37,15.707963268,13.351768778,7,13.215000
37,15.707963268,13.351768778,8,15.167000
37,15.707963268,13.351768778,9,15.451000
37,15.707963268,13.351768778,10,15.636000
37,15.707963268,13.351768778,11,15.845000
37,15.707963268,13.351768778,12,15.969000
37,15.707963268,13.351768778,13,16.269000
37,15.707963268,13.351768778,14,16.524000
37,15.707963268,13.351768778,15,16.667000
37,15.707963268,13.351768778,16,16.820000
37,15.707963268,13.351768778,17,17.160000
37,15.707963268,13.351768778,18,18.402000
37,15.707963268,13.351768778,19,18.488000
37,15.707963268,13.351768778,20,19.313000
37,15.707963268,13.351768778,21,19.644000
37,15.707963268,13.351768778,22,19.832000
37,15.707963268,13.351768778,23,20.386000
37,15.707963268,13.351768778,24,20.754000
38,15.707963268,14.137166941,1,10.989000
38,15.707963268,14.137166941,2,11.237000
38,15.707963268,14.137166941,3,11.592000
38,15.707963268,14.137166941,4,11.726000
38,15.707963268,14.137166941,5,12.374000
38,15.707963268,14.137166941,6,12.664000
38,15.707963268,14.137166941,7,13.185000
38,15.707963268,14.137166941,8,15.172000
38,15.707963268,14.137166941,9,15.526000
38,15.707963268,14.137166941,10,15.653000
38,15.707963268,14.137166941,11,15.793000
38,15.707963268,14.137166941,12,16.047000
38,15.707963268,14.137166941,13,16.308000
38,15.707963268,14.137166941,14,16.424000
38,15.707963268,14.137166941,15,16.676000
38,15.707963268,14.137166941,16,16.809000
38,15.707963268,14.137166941,17,17.094000
38,15.707963268,14.137166941,18,18.401000
38,15.707963268,14.137166941,19,18.505000
38,15.707963268,14.137166941,20,19.335000
38,15.707963268,14.137166941,21,19.656000
38,15.707963268,14.137166941,22,19.791000
38,15.707963268,14.137166941,23,20.368000
38,15.707963268,14.137166941,24,20.826000
39,15.707963268,14.922565105,1,11.094000
39,15.707963268,14.922565105,2,11.296000
39,15.707963268,14.922565105,3,11.489000
39,15.707963268,14.922565105,4,11.666000
39,15.707963268,14.922565105,5,12.385000
39,15.707963268,14.922565105,6,12.662000
39,15.707963268,14.922565105,7,13.166000
39,15.707963268,14.922565105,8,15.174000
39,15.707963268,14.922565105,9,15.588000
39,15.707963268,14.922565105,10,15.664000
39,15.707963268,14.922565105,11,15.740000
39,15.707963268,14.922565105,12,16.122000
39,15.707963268,14.922565105,13,16.330000
39,15.707963268,14.922565105,14,16.339000
39,15.707963268,14.922565105,15,16.687000
39,15.707963268,14.922565105,16,16.803000
39,15.707963268,14.922565105,17,17.053000
39,15.707963268,14.922565105,18,18.401000
39,15.707963268,14.922565105,19,18.514000
39,15.707963268,14.922565105,20,19.350000
39,15.707963268,14.922565105,21,19.660000
39,15.707963268,14.922565105,22,19.767000
39,15.707963268,14.922565105,23,20.358000
39,15.707963268,14.922565105,24,20.840000
40,15.707963268,15.707963268,1,11.133000
40,15.707963268,15.707963268,2,11.316000
40,15.707963268,15.707963268,3,11.451000
40,15.707963268,15.707963268,4,11.646000
40,15.707963268,15.707963268,5,12.388000
40,15.707963268,15.707963268,6,12.661000
40,15.707963268,15.707963268,7,13.160000
40,15.707963268,15.707963268,8,15.172000
40,15.707963268,15.707963268,9,15.602000
40,15.707963268,15.707963268,10,15.668000
40,15.707963268,15.707963268,11,15.723000
40,15.707963268,15.707963268,12,16.142000
40,15.707963268,15.707963268,13,16.318000
40,15.707963268,15.707963268,14,16.332000
40,15.707963268,15.707963268,15,16.690000
40,15.707963268,15.707963268,16,16.801000
40,15.707963268,15.707963268,17,17.047000
40,15.707963268,15.707963268,18,18.400000
40,15.707963268,15.707963268,19,18.516000
40,15.707963268,15.707963268,20,19.352000
40,15.707963268,15.707963268,21,19.657000
40,15.707963268,15.707963268,22,19.760000
40,15.707963268,15.707963268,23,20.356000
40,15.707963268,15.707963268,24,20.840000
41,14.922565105,14.922565105,1,11.095000
41,14.922565105,14.922565105,2,11.298000
41,14.922565105,14.922565105,3,11.485000
41,14.922565105,14.922565105,4,11.675000
41,14.922565105,14.922565105,5,12.382000
41,14.922565105,14.922565105,6,12.668000
41,14.922565105,14.922565105,7,13.167000
41,14.922565105,14.922565105,8,15.173000
41,14.922565105,14.922565105,9,15.562000
41,14.922565105,14.922565105,10,15.682000
41,14.922565105,14.922565105,11,15.747000
41,14.922565105,14.922565105,12,16.126000
41,14.922565105,14.922565105,13,16.332000
41,14.922565105,14.922565105,14,16.342000
41,14.922565105,14.922565105,15,16.684000
41,14.922565105,14.922565105,16,16.806000
41,14.922565105,14.922565105,17,17.054000
41,14.922565105,14.922565105,18,18.403000
41,14.922565105,14.922565105,19,18.515000
41,14.922565105,14.922565105,20,19.349000
41,14.922565105,14.922565105,21,19.663000
41,14.922565105,14.922565105,22,19.765000
41,14.922565105,14.922565105,23,20.359000
41,14.922565105,14.922565105,24,20.805000
42,14.137166941,14.137166941,1,10.992000
42,14.137166941,14.137166941,2,11.242000
42,14.137166941,14.137166941,3,11.578000
42,14.137166941,14.137166941,4,11.752000
42,14.137166941,14.137166941,5,12.354000
42,14.137166941,14.137166941,6,12.694000
42,14.137166941,14.137166941,7,13.187000
42,14.137166941,14.137166941,8,15.172000
42,14.137166941,14.137166941,9,15.458000
42,14.137166941,14.137166941,10,15.666000
42,14.137166941,14.137166941,11,15.825000
42,14.137166941,14.137166941,12,16.065000
42,14.137166941,14.137166941,13,16.319000
42,14.137166941,14.137166941,14,16.430000
42,14.137166941,14.137166941,15,16.666000
42,14.137166941,14.137166941,16,16.823000
42,14.137166941,14.137166941,17,17.099000
42,14.137166941,14.137166941,18,18.399000
42,14.137166941,14.137166941,19,18.508000
42,14.137166941,14.137166941,20,19.336000
42,14.137166941,14.137166941,21,19.627000
42,14.137166941,14.137166941,22,19.820000
42,14.137166941,14.137166941,23,20.374000
42,14.137166941,14.137166941,24,20.692000
43,13.351768778,13.351768778,1,10.873000
43,13.351768778,13.351768778,2,11.168000
43,13.351768778,13.351768778,3,11.681000
43,13.351768778,13.351768778,4,11.856000
43,13.351768778,13.351768778,5,12.313000
43,13.351768778,13.351768778,6,12.731000
43,13.351768778,13.351768778,7,13.220000
43,13.351768778,13.351768778,8,15.166000
43,13.351768778,13.351768778,9,15.350000
43,13.351768778,13.351768778,10,15.627000
43,13.351768778,13.351768778,11,15.859000
43,13.351768778,13.351768778,12,16.045000
43,13.351768778,13.351768778,13,16.288000
43,13.351768778,13.351768778,14,16.533000
43,13.351768778,13.351768778,15,16.663000
43,13.351768778,13.351768778,16,16.839000
43,13.351768778,13.351768778,17,17.172000
43,13.351768778,13.351768778,18,18.382000
43,13.351768778,13.351768778,19,18.504000
43,13.351768778,13.351768778,20,19.315000
43,13.351768778,13.351768778,21,19.594000
43,13.351768778,13.351768778,22,19.873000
43,13.351768778,13.351768778,23,20.402000
43,13.351768778,13.351768778,24,20.578000
44,12.566370614,12.566370614,1,10.752000
44,12.566370614,12.566370614,2,11.088000
44,12.566370614,12.566370614,3,11.780000
44,12.566370614,12.566370614,4,11.976000
44,12.566370614,12.566370614,5,12.267000
44,12.566370614,12.566370614,6,12.771000
44,12.566370614,12.566370614,7,13.265000
44,12.566370614,12.566370614,8,15.149000
44,12.566370614,12.566370614,9,15.247000
44,12.566370614,12.566370614,10,15.575000
44,12.566370614,12.566370614,11,15.814000
44,12.566370614,12.566370614,12,16.095000
44,12.566370614,12.566370614,13,16.244000
44,12.566370614,12.566370614,14,16.635000
44,12.566370614,12.566370614,15,16.686000
44,12.566370614,12.566370614,16,16.856000
44,12.566370614,12.566370614,17,17.262000
44,12.566370614,12.566370614,18,18.348000
44,12.566370614,12.566370614,19,18.510000
44,12.566370614,12.566370614,20,19.289000
44,12.566370614,12.566370614,21,19.570000
44,12.566370614,12.566370614,22,19.907000
44,12.566370614,12.566370614,23,20.432000
44,12.566370614,12.566370614,24,20.482000
45,11.780972451,11.780972451,1,10.634000
45,11.780972451,11.780972451,2,11.004000
45,11.780972451,11.780972451,3,11.875000
45,11.780972451,11.780972451,4,12.102000
45,11.780972451,11.780972451,5,12.222000
45,11.780972451,11.780972451,6,12.813000
45,11.780972451,11.780972451,7,13.322000
45,11.780972451,11.780972451,8,15.093000
45,11.780972451,11.780972451,9,15.174000
45,11.780972451,11.780972451,10,15.518000
45,11.780972451,11.780972451,11,15.744000
45,11.780972451,11.780972451,12,16.126000
45,11.780972451,11.780972451,13,16.227000
45,11.780972451,11.780972451,14,16.707000
45,11.780972451,11.780972451,15,16.750000
45,11.780972451,11.780972451,16,16.887000
45,11.780972451,11.780972451,17,17.361000
45,11.780972451,11.780972451,18,18.299000
45,11.780972451,11.780972451,19,18.525000
45,11.780972451,11.780972451,20,19.262000
45,11.780972451,11.780972451,21,19.552000
45,11.780972451,11.780972451,22,19.916000
45,11.780972451,11.780972451,23,20.350000
45,11.780972451,11.780972451,24,20.492000
46,10.995574288,10.995574288,1,10.521000
46,10.995574288,10.995574288,2,10.919000
46,10.995574288,10.995574288,3,11.965000
46,10.995574288,10.995574288,4,12.161000
46,10.995574288,10.995574288,5,12.250000
46,10.995574288,10.995574288,6,12.856000
46,10.995574288,10.995574288,7,13.387000
46,10.995574288,10.995574288,8,14.994000
46,10.995574288,10.995574288,9,15.129000
46,10.995574288,10.995574288,10,15.460000
46,10.995574288,10.995574288,11,15.673000
46,10.995574288,10.995574288,12,16.077000
46,10.995574288,10.995574288,13,16.281000
46,10.995574288,10.995574288,14,16.748000
46,10.995574288,10.995574288,15,16.834000
46,10.995574288,10.995574288,16,16.949000
46,10.995574288,10.995574288,17,17.466000
46,10.995574288,10.995574288,18,18.242000
46,10.995574288,10.995574288,19,18.547000
46,10.995574288,10.995574288,20,19.236000
46,10.995574288,10.995574288,21,19.537000
46,10.995574288,10.995574288,22,19.902000
46,10.995574288,10.995574288,23,20.251000
46,10.995574288,10.995574288,24,20.437000
47,10.210176124,10.210176124,1,10.413000
47,10.210176124,10.210176124,2,10.835000
47,10.210176124,10.210176124,3,12.036000
47,10.210176124,10.210176124,4,12.139000
47,10.210176124,10.210176124,5,12.379000
47,10.210176124,10.210176124,6,12.900000
47,10.210176124,10.210176124,7,13.460000
47,10.210176124,10.210176124,8,14.887000
47,10.210176124,10.210176124,9,15.078000
47,10.210176124,10.210176124,10,15.402000
47,10.210176124,10.210176124,11,15.611000
47,10.210176124,10.210176124,12,16.008000
47,10.210176124,10.210176124,13,16.339000
47,10.210176124,10.210176124,14,16.781000
47,10.210176124,10.210176124,15,16.911000
47,10.210176124,10.210176124,16,17.043000
47,10.210176124,10.210176124,17,17.571000
47,10.210176124,10.210176124,18,18.183000
47,10.210176124,10.210176124,19,18.573000
47,10.210176124,10.210176124,20,19.211000
47,10.210176124,10.210176124,21,19.521000
47,10.210176124,10.210176124,22,19.869000
47,10.210176124,10.210176124,23,20.158000
47,10.210176124,10.210176124,24,20.340000
48,9.424777961,9.424777961,1,10.312000
48,9.424777961,9.424777961,2,10.751000
48,9.424777961,9.424777961,3,12.037000
48,9.424777961,9.424777961,4,12.183000
48,9.424777961,9.424777961,5,12.511000
48,9.424777961,9.424777961,6,12.945000
48,9.424777961,9.424777961,7,13.538000
48,9.424777961,9.424777961,8,14.779000
48,9.424777961,9.424777961,9,15.014000
48,9.424777961,9.424777961,10,15.338000
48,9.424777961,9.424777961,11,15.565000
48,9.424777961,9.424777961,12,15.939000
48,9.424777961,9.424777961,13,16.383000
48,9.424777961,9.424777961,14,16.813000
48,9.424777961,9.424777961,15,16.993000
48,9.424777961,9.424777961,16,17.152000
48,9.424777961,9.424777961,17,17.670000
48,9.424777961,9.424777961,18,18.131000
48,9.424777961,9.424777961,19,18.602000
48,9.424777961,9.424777961,20,19.186000
48,9.424777961,9.424777961,21,19.500000
48,9.424777961,9.424777961,22,19.826000
48,9.424777961,9.424777961,23,20.071000
48,9.424777961,9.424777961,24,20.239000
49,8.639379797,8.639379797,1,10.218000
49,8.639379797,8.639379797,2,10.670000
49,8.639379797,8.639379797,3,12.000000
49,8.639379797,8.639379797,4,12.267000
49,8.639379797,8.639379797,5,12.640000
49,8.639379797,8.639379797,6,12.993000
49,8.639379797,8.639379797,7,13.619000
49,8.639379797,8.639379797,8,14.672000
49,8.639379797,8.639379797,9,14.938000
49,8.639379797,8.639379797,10,15.263000
49,8.639379797,8.639379797,11,15.537000
49,8.639379797,8.639379797,12,15.873000
49,8.639379797,8.639379797,13,16.407000
49,8.639379797,8.639379797,14,16.848000
49,8.639379797,8.639379797,15,17.083000
49,8.639379797,8.639379797,16,17.267000
49,8.639379797,8.639379797,17,17.753000
49,8.639379797,8.639379797,18,18.101000
49,8.639379797,8.639379797,19,18.633000
49,8.639379797,8.639379797,20,19.160000
49,8.639379797,8.639379797,21,19.472000
49,8.639379797,8.639379797,22,19.778000
49,8.639379797,8.639379797,23,19.989000
49,8.639379797,8.639379797,24,20.141000
50,7.853981634,7.853981634,1,10.130000
50,7.853981634,7.853981634,2,10.592000
50,7.853981634,7.853981634,3,11.959000
50,7.853981634,7.853981634,4,12.357000
50,7.853981634,7.853981634,5,12.765000
50,7.853981634,7.853981634,6,13.046000
50,7.853981634,7.853981634,7,13.701000
50,7.853981634,7.853981634,8,14.568000
50,7.853981634,7.853981634,9,14.856000
50,7.853981634,7.853981634,10,15.176000
50,7.853981634,7.853981634,11,15.522000
50,7.853981634,7.853981634,12,15.815000
50,7.853981634,7.853981634,13,16.413000
50,7.853981634,7.853981634,14,16.887000
50,7.853981634,7.853981634,15,17.178000
50,7.853981634,7.853981634,16,17.383000
50,7.853981634,7.853981634,17,17.799000
50,7.853981634,7.853981634,18,18.115000
50,7.853981634,7.853981634,19,18.665000
50,7.853981634,7.853981634,20,19.129000
50,7.853981634,7.853981634,21,19.439000
50,7.853981634,7.853981634,22,19.723000
50,7.853981634,7.853981634,23,19.915000
50,7.853981634,7.853981634,24,20.051000
51,7.068583471,7.068583471,1,10.048000
51,7.068583471,7.068583471,2,10.518000
51,7.068583471,7.068583471,3,11.918000
51,7.068583471,7.068583471,4,12.449000
51,7.068583471,7.068583471,5,12.880000
51,7.068583471,7.068583471,6,13.107000
51,7.068583471,7.068583471,7,13.780000
51,7.068583471,7.068583471,8,14.469000
51,7.068583471,7.068583471,9,14.771000
51,7.068583471,7.068583471,10,15.082000
51,7.068583471,7.068583471,11,15.507000
51,7.068583471,7.068583471,12,15.769000
51,7.068583471,7.068583471,13,16.405000
51,7.068583471,7.068583471,14,16.926000
51,7.068583471,7.068583471,15,17.278000
51,7.068583471,7.068583471,16,17.498000
51,7.068583471,7.068583471,17,17.806000
51,7.068583471,7.068583471,18,18.178000
51,7.068583471,7.068583471,19,18.697000
51,7.068583471,7.068583471,20,19.090000
51,7.068583471,7.068583471,21,19.405000
51,7.068583471,7.068583471,22,19.654000
51,7.068583471,7.068583471,23,19.858000
51,7.068583471,7.068583471,24,19.971000
52,6.283185307,6.283185307,1,9.970200
52,6.283185307,6.283185307,2,10.449000
52,6.283185307,6.283185307,3,11.880000
52,6.283185307,6.283185307,4,12.542000
52,6.283185307,6.283185307,5,12.982000
52,6.283185307,6.283185307,6,13.181000
52,6.283185307,6.283185307,7,13.853000
52,6.283185307,6.283185307,8,14.378000
52,6.283185307,6.283185307,9,14.685000
52,6.283185307,6.283185307,10,14.983000
52,6.283185307,6.283185307,11,15.485000
52,6.283185307,6.283185307,12,15.742000
52,6.283185307,6.283185307,13,16.384000
52,6.283185307,6.283185307,14,16.961000
52,6.283185307,6.283185307,15,17.379000
52,6.283185307,6.283185307,16,17.611000
52,6.283185307,6.283185307,17,17.801000
52,6.283185307,6.283185307,18,18.267000
52,6.283185307,6.283185307,19,18.729000
52,6.283185307,6.283185307,20,19.039000
52,6.283185307,6.283185307,21,19.375000
52,6.283185307,6.283185307,22,19.567000
52,6.283185307,6.283185307,23,19.820000
52,6.283185307,6.283185307,24,19.903000
53,5.497787144,5.497787144,1,9.896400
53,5.497787144,5.497787144,2,10.387000
53,5.497787144,5.497787144,3,11.844000
53,5.497787144,5.497787144,4,12.635000
53,5.497787144,5.497787144,5,13.066000
53,5.497787144,5.497787144,6,13.271000
53,5.497787144,5.497787144,7,13.907000
53,5.497787144,5.497787144,8,14.305000
53,5.497787144,5.497787144,9,14.602000
53,5.497787144,5.497787144,10,14.881000
53,5.497787144,5.497787144,11,15.448000
53,5.497787144,5.497787144,12,15.736000
53,5.497787144,5.497787144,13,16.355000
53,5.497787144,5.497787144,14,16.988000
53,5.497787144,5.497787144,15,17.479000
53,5.497787144,5.497787144,16,17.708000
53,5.497787144,5.497787144,17,17.816000
53,5.497787144,5.497787144,18,18.361000
53,5.497787144,5.497787144,19,18.761000
53,5.497787144,5.497787144,20,18.981000
53,5.497787144,5.497787144,21,19.351000
53,5.497787144,5.497787144,22,19.465000
53,5.497787144,5.497787144,23,19.793000
53,5.497787144,5.497787144,24,19.849000
54,4.712388980,4.712388980,1,9.825300
54,4.712388980,4.712388980,2,10.332000
54,4.712388980,4.712388980,3,11.812000
54,4.712388980,4.712388980,4,12.729000
54,4.712388980,4.712388980,5,13.133000
54,4.712388980,4.712388980,6,13.374000
54,4.712388980,4.712388980,7,13.926000
54,4.712388980,4.712388980,8,14.265000
54,4.712388980,4.712388980,9,14.524000
54,4.712388980,4.712388980,10,14.777000
54,4.712388980,4.712388980,11,15.401000
54,4.712388980,4.712388980,12,15.748000
54,4.712388980,4.712388980,13,16.319000
54,4.712388980,4.712388980,14,17.008000
54,4.712388980,4.712388980,15,17.573000
54,4.712388980,4.712388980,16,17.761000
54,4.712388980,4.712388980,17,17.890000
54,4.712388980,4.712388980,18,18.445000
54,4.712388980,4.712388980,19,18.789000
54,4.712388980,4.712388980,20,18.927000
54,4.712388980,4.712388980,21,19.329000
54,4.712388980,4.712388980,22,19.359000
54,4.712388980,4.712388980,23,19.766000
54,4.712388980,4.712388980,24,19.817000
55,3.926990817,3.926990817,1,9.755900
55,3.926990817,3.926990817,2,10.285000
55,3.926990817,3.926990817,3,11.782000
55,3.926990817,3.926990817,4,12.822000
55,3.926990817,3.926990817,5,13.188000
55,3.926990817,3.926990817,6,13.485000
55,3.926990817,3.926990817,7,13.899000
55,3.926990817,3.926990817,8,14.264000
55,3.926990817,3.926990817,9,14.457000
55,3.926990817,3.926990817,10,14.674000
55,3.926990817,3.926990817,11,15.348000
55,3.926990817,3.926990817,12,15.772000
55,3.926990817,3.926990817,13,16.278000
55,3.926990817,3.926990817,14,17.018000
55,3.926990817,3.926990817,15,17.652000
55,3.926990817,3.926990817,16,17.806000
55,3.926990817,3.926990817,17,17.996000
55,3.926990817,3.926990817,18,18.507000
55,3.926990817,3.926990817,19,18.782000
55,3.926990817,3.926990817,20,18.917000
55,3.926990817,3.926990817,21,19.237000
55,3.926990817,3.926990817,22,19.323000
55,3.926990817,3.926990817,23,19.736000
55,3.926990817,3.926990817,24,19.802000
56,3.141592654,3.141592654,1,9.687500
56,3.141592654,3.141592654,2,10.248000
56,3.141592654,3.141592654,3,11.757000
56,3.141592654,3.141592654,4,12.913000
56,3.141592654,3.141592654,5,13.232000
56,3.141592654,3.141592654,6,13.598000
56,3.141592654,3.141592654,7,13.842000
56,3.141592654,3.141592654,8,14.273000
56,3.141592654,3.141592654,9,14.407000
56,3.141592654,3.141592654,10,14.580000
56,3.141592654,3.141592654,11,15.294000
56,3.141592654,3.141592654,12,15.803000
56,3.141592654,3.141592654,13,16.234000
56,3.141592654,3.141592654,14,17.023000
56,3.141592654,3.141592654,15,17.706000
56,3.141592654,3.141592654,16,17.875000
56,3.141592654,3.141592654,17,18.109000
56,3.141592654,3.141592654,18,18.533000
56,3.141592654,3.141592654,19,18.740000
56,3.141592654,3.141592654,20,18.962000
56,3.141592654,3.141592654,21,19.125000
56,3.141592654,3.141592654,22,19.314000
56,3.141592654,3.141592654,23,19.708000
56,3.141592654,3.141592654,24,19.796000
57,2.356194490,2.356194490,1,9.619700
57,2.356194490,2.356194490,2,10.219000
57,2.356194490,2.356194490,3,11.735000
57,2.356194490,2.356194490,4,13.002000
57,2.356194490,2.356194490,5,13.265000
57,2.356194490,2.356194490,6,13.699000
57,2.356194490,2.356194490,7,13.788000
57,2.356194490,2.356194490,8,14.257000
57,2.356194490,2.356194490,9,14.366000
57,2.356194490,2.356194490,10,14.518000
57,2.356194490,2.356194490,11,15.243000
57,2.356194490,2.356194490,12,15.838000
57,2.356194490,2.356194490,13,16.190000
57,2.356194490,2.356194490,14,17.023000
57,2.356194490,2.356194490,15,17.742000
57,2.356194490,2.356194490,16,17.962000
57,2.356194490,2.356194490,17,18.219000
57,2.356194490,2.356194490,18,18.516000
57,2.356194490,2.356194490,19,18.708000
57,2.356194490,2.356194490,20,18.983000
57,2.356194490,2.356194490,21,19.052000
57,2.356194490,2.356194490,22,19.317000
57,2.356194490,2.356194490,23,19.678000
57,2.356194490,2.356194490,24,19.796000
58,1.570796327,1.570796327,1,9.552500
58,1.570796327,1.570796327,2,10.199000
58,1.570796327,1.570796327,3,11.717000
58,1.570796327,1.570796327,4,13.086000
58,1.570796327,1.570796327,5,13.281000
58,1.570796327,1.570796327,6,13.696000
58,1.570796327,1.570796327,7,13.843000
58,1.570796327,1.570796327,8,14.226000
58,1.570796327,1.570796327,9,14.290000
58,1.570796327,1.570796327,10,14.516000
58,1.570796327,1.570796327,11,15.200000
58,1.570796327,1.570796327,12,15.874000
58,1.570796327,1.570796327,13,16.147000
58,1.570796327,1.570796327,14,17.021000
58,1.570796327,1.570796327,15,17.767000
58,1.570796327,1.570796327,16,18.054000
58,1.570796327,1.570796327,17,18.309000
58,1.570796327,1.570796327,18,18.480000
58,1.570796327,1.570796327,19,18.692000
58,1.570796327,1.570796327,20,18.886000
58,1.570796327,1.570796327,21,19.091000
58,1.570796327,1.570796327,22,19.339000
58,1.570796327,1.570796327,23,19.641000
58,1.570796327,1.570796327,24,19.801000
59,0.785398163,0.785398163,1,9.484000
59,0.785398163,0.785398163,2,10.188000
59,0.785398163,0.785398163,3,11.703000
59,0.785398163,0.785398163,4,13.157000
59,0.785398163,0.785398163,5,13.276000
59,0.785398163,0.785398163,6,13.657000
59,0.785398163,0.785398163,7,13.949000
59,0.785398163,0.785398163,8,14.183000
59,0.785398163,0.785398163,9,14.211000
59,0.785398163,0.785398163,10,14.533000
59,0.785398163,0.785398163,11,15.171000
59,0.785398163,0.785398163,12,15.904000
59,0.785398163,0.785398163,13,16.113000
59,0.785398163,0.785398163,14,17.019000
59,0.785398163,0.785398163,15,17.783000
59,0.785398163,0.785398163,16,18.144000
59,0.785398163,0.785398163,17,18.316000
59,0.785398163,0.785398163,18,18.506000
59,0.785398163,0.785398163,19,18.671000
59,0.785398163,0.785398163,20,18.794000
59,0.785398163,0.785398163,21,19.118000
59,0.785398163,0.785398163,22,19.380000
59,0.785398163,0.785398163,23,19.598000
59,0.785398163,0.785398163,24,19.807000
60,0.000000000,0.000000000,1,9.413600
60,0.000000000,0.000000000,2,10.184000
60,0.000000000,0.000000000,3,11.693000
60,0.000000000,0.000000000,4,13.195000
60,0.000000000,0.000000000,5,13.259000
60,0.000000000,0.000000000,6,13.642000
60,0.000000000,0.000000000,7,14.025000
60,0.000000000,0.000000000,8,14.114000
60,0.000000000,0.000000000,9,14.198000
60,0.000000000,0.000000000,10,14.541000
60,0.000000000,0.000000000,11,15.160000
60,0.000000000,0.000000000,12,15.916000
60,0.000000000,0.000000000,13,16.099000
60,0.000000000,0.000000000,14,17.018000
60,0.000000000,0.000000000,15,17.789000
60,0.000000000,0.000000000,16,18.206000
60,0.000000000,0.000000000,17,18.273000
60,0.000000000,0.000000000,18,18.566000
60,0.000000000,0.000000000,19,18.633000
60,0.000000000,0.000000000,20,18.757000
60,0.000000000,0.000000000,21,19.125000
60,0.000000000,0.000000000,22,19.406000
60,0.000000000,0.000000000,23,19.574000
60,0.000000000,0.000000000,24,19.810000
